OrderID,OrderDate,SalespersonID
2,2021-08-15,1
3,2021-08-15,1
4,2021-08-15,1
5,2021-08-15,1
6,2021-08-15,2
7,2021-08-15,2
8,2021-08-16,2
9,2021-08-16,2
10,2021-08-16,2
11,2021-08-16,2
12,2021-08-16,3
13,2021-08-17,1
14,2021-08-17,3
15,2021-08-17,1
16,2021-08-22,1
17,2021-08-22,1
18,2021-08-22,3
19,2021-08-22,3
20,2021-08-22,3
21,2021-08-22,3
22,2021-08-23,2
23,2021-08-23,1
24,2021-08-23,1
25,2021-08-25,1
26,2021-08-25,1
27,2021-08-25,2
28,2021-08-25,2
29,2021-09-02,2
30,2021-09-02,2
31,2021-09-02,2
32,2021-09-03,3
33,2021-09-03,3
34,2021-09-03,3
35,2021-09-04,1
36,2021-09-04,1
37,2021-09-04,1
38,2021-09-04,3
39,2021-09-04,3
40,2021-09-04,3
41,2021-09-04,1
42,2021-09-05,2
43,2021-09-05,2
44,2021-09-05,2
45,2021-09-05,2
46,2021-09-09,1
47,2021-09-09,2
48,2021-09-09,3
49,2021-09-09,1
